site_id,year,site_name,security_incidents_count,percent_https_pages,avg_patch_time_days,csp_present,malware_detections,phishing_reports,whois_age_years,ssl_grade,blocklist_hits
site001,2008,example1,30,60.94754572957754,28.632276758085936,0,10,7,14.711908260826021,7.198849669657648,0
site001,2009,example2,14,99.0355877391994,15.1990158976987,0,2,12,14.608168106526136,8.563026457559317,3
site001,2010,example3,50,79.60896792821586,3.4153330188710243,0,0,6,11.227718504611403,7.176588358124718,2
site001,2011,example4,13,75.56681292131543,8.537911970866844,0,9,3,6.48579982528463,8.326859443914145,1
site001,2012,example5,2,76.70219839550555,26.37055214261636,1,3,8,10.288473201915622,7.615320822224021,0
site001,2013,example6,41,63.71703281998634,25.709714954951778,0,9,5,4.601252434775233,9.51792907086201,5
site001,2014,example7,49,66.47236840799451,25.444235272705555,0,3,8,5.337178566958755,9.689355401787907,0
site001,2015,example8,42,76.21665980666876,28.460206564283,0,9,1,12.766389353200793,9.805500144138932,3
site001,2016,example9,36,73.67257776670158,19.9277674080804,1,7,11,10.635823839344084,6.168505212990567,3
site001,2017,example10,13,76.6102981287986,15.15651139151305,0,5,8,11.849049657117575,7.157225955743343,2
site001,2018,example11,24,72.16209876351058,6.444944319548085,1,10,8,5.309760451782495,7.094393818406388,1
site001,2019,example12,25,82.41122149862349,21.677958762506023,1,7,10,9.98188113514334,5.797922422643751,3
site001,2020,example13,26,66.23496602289379,3.467029150109738,1,9,1,9.58748278580606,7.656874160747975,4
site001,2021,example14,4,98.2631905656308,14.374782762490213,1,5,14,4.171764224767685,9.667504763929173,4
site001,2022,example15,50,61.75866501405835,28.141311891842633,1,3,8,4.446229039225727,5.45202445005998,3
site002,2008,example16,26,74.88630970939994,25.513516368111596,0,10,7,13.288612095173448,8.282001659972593,0
site002,2009,example17,27,98.50461365655065,21.76941479067318,1,6,9,11.986776160541922,5.8925879339221865,3
site002,2010,example18,8,85.81710062921047,4.590384100796655,0,7,8,1.3592562368139625,6.24291060725227,1
site002,2011,example19,28,62.45050457306206,18.249996377388015,1,4,11,11.574663500767201,7.896810718812048,0
site002,2012,example20,34,76.39783713966608,29.705731241498142,0,9,9,13.568022483959794,5.495766125386581,4
site002,2013,example21,7,77.03620536252856,18.846846147673205,1,3,1,13.502922682557255,8.326677534496412,0
site002,2014,example22,25,80.32632338814437,8.919252342777327,0,6,1,2.672100672032684,8.10137392138131,1
site002,2015,example23,6,77.98399643041193,2.8474984522908926,1,8,9,14.667809577658772,9.364378203172237,2
site002,2016,example24,41,84.93045534007251,3.0967949917539954,1,3,4,13.74073035782203,5.994208549382165,1
site002,2017,example25,8,65.59911724179983,26.33182520722039,1,4,9,4.625952723436058,6.6035649727564305,5
site002,2018,example26,18,96.31785603240132,11.521924904314801,0,10,1,13.44549622060731,7.04854272888042,4
site002,2019,example27,35,82.77773099020123,28.42304232553579,0,0,3,12.662353765685111,9.635065358597785,1
site002,2020,example28,13,81.93122295662761,17.191249259747565,0,1,5,7.149993234779686,5.217404445866123,3
site002,2021,example29,16,64.67310490086675,15.867173375794664,1,7,14,2.0745197273790836,5.968206039397046,1
site002,2022,example30,42,90.48113329336047,28.485378242796287,0,6,3,13.126155774109066,8.600317020900548,0
site003,2008,example31,38,79.13477786816657,4.184246271383017,0,4,3,5.531263681128621,5.2760639868211,2
site003,2009,example32,11,91.27875658683479,24.748318965546787,0,4,12,4.24930787505582,9.906170795438811,0
site003,2010,example33,14,61.841061944141984,11.942921096459031,1,3,9,12.589055280201137,5.1291327946819365,5
site003,2011,example34,31,92.79378671199083,17.142590386793017,0,5,3,14.881792454980314,7.546065755886957,1
site003,2012,example35,41,70.77633789740503,10.102264414075762,0,6,7,4.22194609278813,9.326071683317423,5
site003,2013,example36,44,71.31401658058167,3.387943529058248,0,2,4,2.2434020354412496,6.508073061704636,5
site003,2014,example37,6,85.72886237874627,23.61818872601725,0,3,1,9.892710668500513,8.09884110931307,5
site003,2015,example38,8,97.92475351132452,6.603807124076411,0,10,15,12.991713196970522,7.826179821277037,2
site003,2016,example39,40,60.279938178136945,20.011978559894487,1,8,14,3.57518549868837,7.24058160209097,5
site003,2017,example40,9,74.06470688059926,13.619264546548948,0,3,1,8.076647891197354,9.712901670718566,1
site003,2018,example41,22,76.76182899624109,6.717301469994709,1,5,11,5.977848368231207,6.922633360372856,5
site003,2019,example42,26,78.31507188268006,29.845152243971825,0,3,15,12.542942377738655,6.724952574586496,2
site003,2020,example43,6,88.46770317293704,13.955543126212433,1,6,3,7.772204562090337,9.718296567443758,2
site003,2021,example44,26,96.79392230696976,1.9113732620608062,1,2,13,4.246780984569341,5.462537881685421,3
site003,2022,example45,31,85.08442802354693,28.173480185912922,1,7,0,4.78228806424886,9.425763102481142,0
site004,2008,example46,37,96.08727113343775,26.25853467429988,0,5,0,12.521909011993557,6.4918220799881965,4
site004,2009,example47,24,90.29316636733711,18.43614221829921,0,1,7,1.3617075528018177,5.788760225987062,4
site004,2010,example48,33,65.51433462649584,9.671448234003037,1,1,1,6.6829570746049285,5.559505263809115,2
site004,2011,example49,28,66.13019512034953,24.471041979966685,1,5,8,9.344484597910196,5.410550693050027,0
site004,2012,example50,4,67.652487475425,28.61212916695513,1,6,5,8.402355136349797,6.159273509401828,3
site004,2013,example51,7,77.32740562409163,25.709565166616812,1,2,15,10.55599271832034,9.305523425573483,1
site004,2014,example52,11,63.48877207376063,4.691982340067625,0,2,7,8.109380707610399,7.066051968140528,5
site004,2015,example53,12,68.95120004191995,29.097588143777102,1,7,7,8.761205135378987,8.562344466336071,0
site004,2016,example54,17,82.8859471809119,17.155929252738133,1,8,8,12.777361466549337,9.64945615036413,5
site004,2017,example55,32,76.00676713511348,1.1555689736269414,1,8,9,5.375142243690789,6.5234109200537205,0
site004,2018,example56,26,82.61861522682011,4.937153670703992,1,2,1,1.503273684065789,8.692742649000138,0
site004,2019,example57,24,93.18495514802635,1.1695659453980625,1,1,9,12.423916848376393,8.270570918684825,2
site004,2020,example58,37,85.68455277942121,24.68934780312702,1,6,15,11.900075051933527,6.522355357883498,5
site004,2021,example59,20,75.6599500682205,23.682744048070163,1,4,13,13.031312878243625,5.107623329386115,1
site004,2022,example60,14,88.38319418951869,28.00092228874564,1,1,15,1.9200709913857281,6.910723979817703,3
site005,2008,example61,40,64.35296292416751,11.692006587749347,0,9,2,1.123285659123212,6.264900034293532,4
site005,2009,example62,46,70.944909369573,29.259191351011395,1,2,7,9.283532257191837,7.663469064282253,1
site005,2010,example63,25,83.75467730686069,24.888566774781793,1,1,15,13.174615325871855,8.341107006417587,5
site005,2011,example64,30,66.40739253722131,23.83601703471504,1,2,10,7.248086401261389,6.459910736884922,0
site005,2012,example65,15,94.13720955140889,19.061949205351993,0,5,14,1.5260500647127628,7.354691084474325,3
site005,2013,example66,29,93.90956630930305,29.053292936412618,1,6,6,6.7440681657753885,6.897877610754222,0
site005,2014,example67,5,79.11547250114381,15.49763622879982,1,5,11,6.113026956561953,5.499705184483901,4
site005,2015,example68,42,90.94768489710987,26.917172389337793,0,3,2,7.672187627758831,5.891004380537197,1
site005,2016,example69,7,71.81600322015584,12.630254162009805,0,0,11,2.8714885800145566,9.225052550900728,1
site005,2017,example70,21,62.62512447312474,13.978706679539755,0,3,1,7.712387592531741,7.363233879441395,0
site005,2018,example71,21,77.62132499366999,28.137593381572515,0,9,2,4.7003776845522225,9.387986414367333,3
site005,2019,example72,38,78.48395431414247,20.816633723676205,1,5,12,7.859061181079596,9.208936471259221,2
site005,2020,example73,30,73.63737480714917,1.526730774436146,1,2,1,13.684856864623725,5.867992806015536,5
site005,2021,example74,47,67.40561274811625,5.800274812383577,1,7,8,8.013962819706649,8.622975401813164,2
site005,2022,example75,16,80.27990907430649,15.379200468072668,0,7,1,10.84909533848986,7.132157633313909,3
site006,2008,example76,49,60.76764122582972,13.36952161299996,0,5,0,1.81074038753286,7.926032734103501,0
site006,2009,example77,48,90.94744157977402,29.769540498265997,1,3,2,10.650352846831083,8.837462494848296,0
site006,2010,example78,33,82.3866031691432,26.77955359360203,0,9,14,12.183133861981332,9.628116431413218,2
site006,2011,example79,3,85.65850556828082,11.026905766688287,1,1,13,1.2639704551547766,9.030652343062684,2
site006,2012,example80,12,78.73728474602103,21.46947962534614,1,5,3,1.515404005534947,9.70968644367531,4
site006,2013,example81,4,71.16895242594182,27.353015924803913,1,9,9,9.089511250145733,6.492451369995251,4
site006,2014,example82,50,78.44866281375289,20.61249372852035,1,9,2,12.060502032283694,5.008181591983885,3
site006,2015,example83,24,91.70953366905451,19.53390786703676,0,6,5,11.293654466047883,5.949127071071416,3
site006,2016,example84,21,83.42262305319309,5.338531284360215,0,10,15,4.759528066497296,8.71682679047808,5
site006,2017,example85,24,75.79035943374038,18.432636311044917,1,0,4,12.275129941292107,8.174905781634152,1
site006,2018,example86,31,92.44949398562312,8.909785840194672,0,7,3,6.949060288723558,7.52818355569616,1
site006,2019,example87,45,72.74252375587821,14.277747760294005,0,4,7,3.313012699596584,5.138406944461167,3
site006,2020,example88,24,83.25789352878928,7.4453397046308964,1,4,3,9.45666597224772,5.305309959221631,5
site006,2021,example89,22,78.21955831721425,8.392723989207298,0,0,15,12.560644986107945,5.855182072846219,1
site006,2022,example90,34,70.75213799253106,19.956944087985903,0,0,6,11.93331298371777,9.970651244511828,5
site007,2008,example91,39,82.20708819106221,14.687801672844216,1,0,0,2.140676590614021,8.902062519919127,5
site007,2009,example92,47,69.24923537299037,5.667928033974022,0,4,15,1.9906171569600701,7.611663872376084,4
site007,2010,example93,29,81.72931591980159,8.89032970345579,1,3,1,14.425440247170627,5.221046911319718,3
site007,2011,example94,11,77.90280564688146,21.67572669754736,0,5,7,2.2640986000187695,6.350921378470957,2
site007,2012,example95,30,65.21152547560632,18.78725591325201,1,1,12,3.9715175316669047,5.574594140052795,5
site007,2013,example96,45,84.8690393101424,4.831537020392716,1,8,2,7.148850301280618,8.613628667080775,4
site007,2014,example97,29,81.9197713304311,3.030210342956707,0,10,15,11.890200840309262,7.024304267251864,4
site007,2015,example98,34,65.96976854838431,29.021685376297683,0,2,12,12.919711431022733,9.429350376594812,0
site007,2016,example99,13,82.38183476962149,11.679838061332703,1,2,15,9.746134653687477,6.906490083783865,1
site007,2017,example100,28,77.0754230581224,20.646168454084545,0,1,11,6.4325727401301265,7.138836021767929,2
site007,2018,example101,31,77.90920393541455,25.53260018117726,0,7,4,3.012567911762744,5.198557114927098,3
site007,2019,example102,6,93.33179086446762,8.007861174177378,0,3,3,13.343419259414077,7.248059822013602,3
site007,2020,example103,2,88.7834913097322,2.019378740573302,0,10,8,13.232385375536978,8.473783230874687,3
site007,2021,example104,22,78.27547022141516,18.261966865044087,1,7,15,5.74073168868199,9.042110729496926,5
site007,2022,example105,14,80.85057051852345,25.24954271223396,0,0,10,8.186381489504129,5.767595702782273,0
site008,2008,example106,20,69.698283104226,11.505227097077295,1,4,2,7.9150959411635995,7.762526066508144,5
site008,2009,example107,36,63.034433387219906,10.633467468200251,0,5,11,12.108129289932549,7.1860258805099875,1
site008,2010,example108,7,75.65180364996195,19.69735359097831,0,1,13,13.857811668422073,8.643434852128848,4
site008,2011,example109,50,60.52432863973081,28.799838967155665,0,4,15,9.209043762646616,7.1104057936463505,2
site008,2012,example110,9,94.69997874461114,18.28990522539243,0,6,0,12.528725518845022,7.247631995705888,2
site008,2013,example111,49,99.70462694764137,15.798120521241799,0,7,3,12.304144740104675,8.784912105184048,3
site008,2014,example112,41,88.35421552881598,5.502659941557795,1,4,8,4.942021780181676,6.232060028705746,4
site008,2015,example113,43,93.06861961260438,25.529679160099477,0,2,0,8.121080389712006,7.368481489829719,5
site008,2016,example114,33,95.67585078068078,7.217032343382016,1,4,15,5.1332121645100415,6.139496826799586,2
site008,2017,example115,9,81.57642930746078,20.426324100000784,1,3,5,13.146732772234827,7.232818501070142,5
site008,2018,example116,21,82.21254367381334,18.91493708617054,0,10,4,10.987143472768366,9.51735726906918,0
site008,2019,example117,11,71.05759534984827,2.4499935328494757,1,5,1,6.072918287478387,9.755057300208136,5
site008,2020,example118,19,86.36791703291237,28.532564491964877,1,3,6,14.95842362428084,7.930268296040595,0
site008,2021,example119,45,69.73740969784558,17.894008916802704,1,9,15,10.814046330749989,8.225072192726657,2
site008,2022,example120,16,71.53064819052815,25.967675774591044,1,7,14,4.324704515282065,9.716078685596585,2
site009,2008,example121,45,88.63123834133148,16.03555023111403,1,6,10,10.064957519993186,8.667676434852183,0
site009,2009,example122,34,89.10134532488883,8.717697020154446,1,6,13,5.815331815741956,9.751292946748435,0
site009,2010,example123,39,66.92172154784203,18.323952240869403,0,8,10,12.208765658084303,8.412851942703128,1
site009,2011,example124,45,72.25245035253465,24.07170644099824,0,5,8,5.550390111748129,6.292043104767799,0
site009,2012,example125,50,74.7962910681963,20.989295089850202,1,4,14,4.74200166715309,8.581076187547296,5
site009,2013,example126,29,63.10886217281222,14.938317693537101,1,4,15,1.9769357279874384,7.4499317817389965,4
site009,2014,example127,14,88.52600755169988,14.511952274246141,1,2,13,8.987243189942092,9.54591142362915,0
site009,2015,example128,23,82.0369091629982,18.933957719942555,1,0,6,1.0583917847834527,9.671744742663577,0
site009,2016,example129,48,65.4346158541739,14.028844914864749,1,9,11,4.932623119093478,7.38615553942509,5
site009,2017,example130,22,98.9665477629751,18.478518448304385,0,5,3,4.921220780350268,7.200436673592776,0
site009,2018,example131,42,82.4785263556987,1.1336602487135679,0,2,15,12.455210708081722,7.979684262536466,0
site009,2019,example132,6,91.5363752655685,29.854840863263234,0,9,3,2.6426803558133543,8.532642115605995,2
site009,2020,example133,28,93.95656337030232,12.787411004072055,1,6,9,4.670304024592042,9.877799197565764,3
site009,2021,example134,14,95.12167098931968,4.420597476884723,0,10,9,7.1492593651637435,7.329161022789776,1
site009,2022,example135,22,92.01905495487154,26.216633764328435,1,7,0,14.41738248988986,6.490213393699378,1
site010,2008,example136,25,85.60593945905566,16.66559574054554,0,9,8,5.446752704214305,9.132259292528033,1
site010,2009,example137,37,85.15711043030024,26.5663323700428,1,10,13,11.99482458550483,9.508248586207628,5
site010,2010,example138,45,70.856360187754035,2.0886553323362023,1,7,12,2.8414137922227383,8.070252414327115,0
site010,2011,example139,31,61.197593016549945,26.561584902228788,0,3,3,7.923440728336573,6.359497545054182,3
site010,2012,example140,6,76.79456859827042,21.948140423744917,1,1,7,8.35294796153903,7.165052996715531,2
site010,2013,example141,26,74.21738684177399,23.3244986012578,1,3,10,13.405807782895863,9.781899889931083,0
site010,2014,example142,41,75.69325015880167,26.04421755974181,1,5,5,6.06357437511906,7.546500525204465,1
site010,2015,example143,4,66.87747329473495,15.52152099297382,0,6,0,7.528106223326176,6.263132479507476,1
site010,2016,example144,5,72.78568477369845,27.850056705297902,1,1,11,7.161088800057769,7.051675206748769,2
site010,2017,example145,15,76.54220256954432,7.034165438264608,1,4,6,10.987205937039107,6.038579280721024,0
site010,2018,example146,23,90.3734278678894,1.7860622208099812,0,0,12,1.7166028493084013,7.517960303230211,4
site010,2019,example147,31,70.87560820393264,10.157999091083184,0,10,0,10.818449108395725,9.249964149203151,1
site010,2020,example148,20,64.62329828180373,20.143255240283906,1,10,2,10.288668228778988,5.110458927229047,4
site010,2021,example149,10,61.173464599996805,10.126047721365467,1,1,5,10.294129434041679,9.163552254904062,4
site010,2022,example150,35,92.27421191520989,28.389380246633664,0,6,7,7.99865131219849,6.276319894241169,0
site011,2008,example151,43,79.20505746267736,23.590146815637127,0,9,11,4.85465358523652,8.547133796382695,4
site011,2009,example152,45,92.24991761147976,10.843506142031401,1,6,1,6.224631086457521,8.31676357309334,1
site011,2010,example153,18,63.160227267071605,14.967741675442085,0,9,7,2.4769390719011426,8.038229250814766,0
site011,2011,example154,24,64.61349638178945,13.063849164173007,1,7,14,4.569469806738198,8.086132326861843,1
site011,2012,example155,38,65.1766515802592,23.51368308463134,0,4,1,1.6485240729525685,7.977777986088768,2
site011,2013,example156,25,89.54994168132544,15.077383171534166,0,9,13,7.57451236853376,8.384360641939566,5
site011,2014,example157,8,90.28394133783877,1.4436740204691887,0,2,3,5.5372382421046495,9.900244663003832,1
site011,2015,example158,6,99.69821234233677,19.63108755974099,0,6,0,3.9398226528428495,9.187910684850067,0
site011,2016,example159,33,84.98211949132383,7.810069560306147,0,7,15,11.536837338004261,5.379977278644219,1
site011,2017,example160,47,71.54760434292257,22.663750608684495,0,8,5,4.414257388561964,7.641038798028603,2
site011,2018,example161,12,67.99647097475827,9.572613860946149,1,7,3,6.67753558466211,5.8099202637095,3
site011,2019,example162,18,92.03671394847333,27.28032755665481,1,1,7,10.847564769908786,7.158474604366347,3
site011,2020,example163,46,89.11050841212273,25.7463965206407,1,9,6,2.601883891969919,5.502119300654158,5
site011,2021,example164,38,68.68191898800433,14.396949531976134,0,8,9,2.8865845347754657,5.527816644171253,3
site011,2022,example165,3,89.7695402149111,3.0690992001909763,1,9,14,14.78267523040995,9.158312161453068,5
site012,2008,example166,0,94.6661483310163,17.756308008916676,0,6,12,14.674818826373667,9.770124820061028,3
site012,2009,example167,39,81.17623025551438,17.807800686219707,0,6,9,11.621287017595023,7.014898548368365,3
site012,2010,example168,29,83.9455418754369,29.81372653110884,0,10,1,1.4208326921798289,6.843244236661121,0
site012,2011,example169,29,97.50529329292476,10.722958017373458,0,3,4,14.638936184812337,7.241399328922853,5
site012,2012,example170,24,98.02896393463016,20.33725145109929,1,1,1,11.643784859683365,7.1687612403184175,4
site012,2013,example171,15,86.42129205167294,28.21812405763194,0,9,3,13.424188547302037,9.813659063074738,0
site012,2014,example172,23,62.89146323688328,17.670848213601857,0,0,15,4.107343475800008,8.706666519865394,4
site012,2015,example173,10,93.05326314643025,21.059631003299728,1,6,7,4.786640350241214,6.406428328482434,0
site012,2016,example174,47,79.1817631199956,3.6029990250244737,0,0,0,9.501570347696543,7.454977055313066,4
site012,2017,example175,19,75.6491513364017,26.127318094251677,0,10,5,5.762780223507434,9.892264164518565,3
site012,2018,example176,39,71.96491102688015,15.533042507246137,0,3,7,11.597570077516139,7.837330721085891,3
site012,2019,example177,2,69.77232998237014,7.474432240007445,1,3,2,2.0477238036692142,5.396762161981314,5
site012,2020,example178,28,76.87240527011454,12.960158006986603,1,5,5,13.468804931268096,5.296506693121046,1
site012,2021,example179,35,97.51080707646906,26.70288210758008,1,3,10,11.786910632159561,9.53110329224728,5
site012,2022,example180,43,70.57940466329455,15.372209679568186,1,8,5,13.357778052333742,9.120957161067054,1
site013,2008,example181,21,82.7427501603961,20.50985810509883,1,0,15,14.26886019622907,8.133490992477164,3
site013,2009,example182,48,68.08738270774484,9.192628700751811,1,8,1,5.536070783156902,6.069481514859945,2
site013,2010,example183,41,67.71222507581115,24.694690784905106,0,7,13,3.5012360587716103,6.743929199874401,1
site013,2011,example184,19,88.74446980655193,8.136884182924405,1,10,10,3.097900800872594,5.7068487466312945,0
site013,2012,example185,10,72.54071582108736,11.719739623833448,1,9,5,2.605008696205914,7.156949072377756,0
site013,2013,example186,7,65.53560509346426,7.83020745543763,0,0,6,7.5978972860611975,8.866935062687844,0
site013,2014,example187,45,62.321227909997106,28.136950852815062,0,0,4,12.358128290623426,9.54855268355459,3
site013,2015,example188,20,97.243985645473,13.037228021537885,0,9,0,13.134393990971148,9.133781141135842,2
site013,2016,example189,44,82.73352048359811,4.986032756278291,1,6,5,1.9057878088206053,9.778956595109776,0
site013,2017,example190,1,64.71081442199647,27.51657696766779,0,4,3,11.247390750329942,6.882408930687234,0
site013,2018,example191,42,82.59177925996482,11.081599906319752,1,0,10,14.617417437490076,5.23313952377066,2
site013,2019,example192,12,81.61024731583893,25.734995396109298,0,7,10,5.355640766676515,6.447844103677198,3
site013,2020,example193,45,92.78730073943734,5.136420183815062,0,4,14,11.029390008654445,9.998440747149289,4
site013,2021,example194,5,88.119180155918,11.42355325864628,1,4,13,9.332826169673353,7.243756850948557,3
site013,2022,example195,7,82.70993494428694,8.119646958075464,0,4,13,1.6045512929558754,9.975152376573533,1
site014,2008,example196,43,88.85237065143883,2.331272449111566,0,10,1,7.287916183006018,8.537252834066749,4
site014,2009,example197,31,90.09776853956282,23.75188916316256,1,0,3,9.941447539720684,6.498398690018803,2
site014,2010,example198,35,75.25690387003124,6.775980300735682,1,9,3,12.20945135038346,9.541660095565021,5
site014,2011,example199,44,71.52041125111282,12.363657083362341,0,6,15,8.586379418615252,7.371665324317291,3
site014,2012,example200,13,81.26733308658004,10.383305094903335,1,10,0,13.345475270412862,9.076564820716158,2
site014,2013,example201,15,70.38584285415709,18.46107124700211,0,6,15,1.094999455846846,6.267450141021982,1
site014,2014,example202,22,93.27161271125078,16.696878707502037,0,3,9,7.255547336768359,9.790484255645424,0
site014,2015,example203,32,76.21455539017916,29.733888247981668,0,5,11,7.766283071134239,7.314756753621623,5
site014,2016,example204,39,62.90527702309191,8.3599404245615,0,1,5,12.105780789162964,5.650503449141979,3
site014,2017,example205,39,98.15034498460591,22.322826902614906,0,0,8,4.899200086016208,8.851536806905642,3
site014,2018,example206,9,68.68735131807625,29.35063667036593,1,1,13,9.267704225610942,5.710308742709458,2
site014,2019,example207,24,76.22501066885889,17.18334101093933,1,0,0,3.6244331570342183,7.7058124309405684,5
site014,2020,example208,7,85.02673261798918,12.388536626007408,1,8,1,12.30194448074326,8.287506843917072,5
site014,2021,example209,17,85.13619215227664,24.915988519322127,0,2,6,9.320723757147789,7.880658187204972,5
site014,2022,example210,8,73.12954656779766,4.259149365127087,1,3,10,4.812761726323515,7.524955793051049,2
site015,2008,example211,6,65.55637967772782,16.5375592187047,1,5,5,12.236187942326069,9.652020639041439,2
site015,2009,example212,6,96.586286816746,13.871115961577743,0,5,6,9.468693159054965,6.133036252576858,0
site015,2010,example213,9,83.96463869139552,8.944759167963639,0,8,12,14.41083749057725,5.068833987461403,3
site015,2011,example214,23,89.9842838384211,5.563368537928909,0,8,13,3.5005298438481987,6.3898386678192765,4
site015,2012,example215,22,96.75818980671465,26.283304137643427,0,10,10,1.0593300135806203,6.557782799936831,0
site015,2013,example216,25,81.15061583928764,17.299300834769383,0,2,1,6.204654619563371,9.50221367413178,2
site015,2014,example217,42,74.87914984114468,16.970002989750355,1,8,12,11.800218432676047,7.78707257239148,0
site015,2015,example218,32,62.632332844659686,18.178593282820657,1,9,4,9.02379009500146,5.6748052046168596,4
site015,2016,example219,28,94.1747969482094,22.10657301894389,0,7,5,3.3864326453767717,6.083920048549771,3
site015,2017,example220,50,80.41645205579698,19.528833253774792,1,5,9,2.2515360387042165,5.422890350455418,4
site015,2018,example221,9,68.39992234483361,18.81905478029512,0,6,13,13.267177084460855,9.278236916288733,1
site015,2019,example222,12,75.0337374676019,2.5200886668171734,0,3,11,3.0383652220480144,5.2934272307902575,1
site015,2020,example223,42,68.29461999237537,17.38957483554259,1,7,7,9.893873296678066,6.639885971089825,2
site015,2021,example224,10,78.3696326892823,18.03290002886206,0,9,15,7.247327774763107,7.50098358374089,1
site015,2022,example225,24,69.66009000316262,19.228445178596303,0,4,6,13.960710600484163,6.669480314012617,1
site016,2008,example226,25,64.74761289544404,19.03482870524749,0,1,5,9.566597032360733,9.38528181402944,0
site016,2009,example227,6,62.89876598864794,3.3858312191441655,1,5,3,1.966964839026332,9.413912410382181,2
site016,2010,example228,24,87.63959399424493,3.251635752618313,1,8,0,8.235316073521972,9.505565305007622,1
site016,2011,example229,22,71.47830476984382,20.925746004562825,1,5,1,10.65397715009749,8.989711770555004,1
site016,2012,example230,25,65.97649982199073,25.0788041788619,1,2,0,7.788675017654896,9.507411357481033,3
site016,2013,example231,31,98.8972803670913,5.231386379804462,1,7,4,9.624894900713116,7.201305105118081,4
site016,2014,example232,19,76.42057561315596,23.722372096963227,1,2,10,7.707760920748115,6.98696076287888,0
site016,2015,example233,23,76.07255416922271,15.107052294770256,0,1,7,12.937085485085845,6.8577382690273225,2
site016,2016,example234,8,85.94225394539535,29.688688058173284,1,5,8,4.747218478471041,7.644042866304517,4
site016,2017,example235,40,96.65222958661616,15.474043681519106,1,7,15,6.720287187024951,5.368927059462294,2
site016,2018,example236,36,68.66648555733263,17.30555551731959,0,6,12,12.194636238738894,8.58424884150736,1
site016,2019,example237,22,81.91995487548411,11.969453597674146,0,3,0,13.231683427467942,6.214061762439087,4
site016,2020,example238,13,88.80201831459999,16.040478722425178,0,0,13,8.544535723980516,9.222499345196411,4
site016,2021,example239,45,75.88984020985663,3.154229972977191,1,9,10,5.594436230137944,9.976591339800507,4
site016,2022,example240,5,63.760055704042315,16.615697980858386,0,7,15,9.096047973260283,5.5250529025215656,0
site017,2008,example241,26,85.39585620164871,28.870769023895264,0,9,0,5.674253240227699,7.425385245587677,0
site017,2009,example242,0,60.099152410402894,16.30649404786527,0,9,9,3.2189389066770673,8.418482696870342,4
site017,2010,example243,25,68.42092959210277,13.677624104777351,0,10,9,8.14173312857747,9.097540254006162,4
site017,2011,example244,41,87.16091237962246,1.935742900473997,1,1,1,1.5106228697113693,8.82783794309944,2
site017,2012,example245,48,94.64756521396339,2.094291239976883,0,3,13,2.9946923898532987,7.134001086233184,4
site017,2013,example246,16,91.98788462206721,2.373100524302572,1,5,11,3.4069830644875765,9.679857873125002,2
site017,2014,example247,28,65.39985593408346,5.6678120330907404,0,1,15,5.535852824803442,8.645054483786225,2
site017,2015,example248,25,75.4999303072691,14.603824406629428,1,0,15,5.950019220355898,6.68657963280566,0
site017,2016,example249,26,91.53887716121972,24.371795270359144,0,4,8,13.131018345244229,7.394873930606991,5
site017,2017,example250,20,87.71654666401446,9.137327966978773,1,2,3,5.990150455851108,9.827511813491583,4
site017,2018,example251,6,83.7709188554436,22.888735570944846,1,5,8,14.310013706795871,9.568519700551406,0
site017,2019,example252,25,64.95430605486035,16.13294863072224,0,2,0,7.753915670327842,6.140395735856146,2
site017,2020,example253,40,82.20312410965562,9.379468602361158,1,9,10,13.143810361623764,6.5362975222524256,2
site017,2021,example254,19,77.97645551152527,1.5039388425648212,0,10,11,5.446730541996658,6.73342602676712,0
site017,2022,example255,5,90.64666114747524,20.382136365631595,1,8,10,5.696544757578522,5.218599502695724,2
site018,2008,example256,49,61.043908866122365,2.942302976269275,1,3,10,3.2596380705945194,9.818153553642333,3
site018,2009,example257,29,67.80685727484524,25.255206377711147,0,9,3,9.749153363518417,9.077768574934453,0
site018,2010,example258,30,95.24938259273767,4.924951518885791,0,2,8,3.5677281878888607,8.373614092124626,5
site018,2011,example259,28,64.39206373877823,20.020465145353228,1,3,1,8.549195575527847,7.030218478757888,2
site018,2012,example260,16,98.74203711748123,25.300484135514125,0,5,0,3.746392499189824,6.330726909218356,4
site018,2013,example261,36,75.40794371627271,8.47179188602604,0,5,11,2.4561428604647517,9.641610299004242,3
site018,2014,example262,19,94.34365629218519,4.94386326847598,1,6,8,5.623701414093375,6.832867908524349,0
site018,2015,example263,34,95.49539018422365,23.141164012718946,0,1,15,9.421954283956438,7.747460555983707,4
site018,2016,example264,24,79.56365994177759,7.14789076638408,0,7,13,10.665724631398916,7.605235273949802,0
site018,2017,example265,45,88.72367235831916,8.7711183775682,0,3,11,3.868410420138389,9.634954566136003,4
site018,2018,example266,32,79.46822290308774,16.42310464475304,1,0,11,6.810356695204973,7.508675591088831,5
site018,2019,example267,1,99.54835443757474,14.749389154836535,1,7,11,3.0220250571146607,8.184579083463177,0
site018,2020,example268,3,62.59004518389702,11.829866284504533,0,5,12,3.905806191265583,6.174754415405914,2
site018,2021,example269,9,66.30651111714542,23.485147927422076,0,1,6,11.723006003070623,6.817675455240533,1
site018,2022,example270,32,91.41394473612309,17.187915132381022,1,9,5,7.742780409287661,9.46751007460989,0
site019,2008,example271,4,81.68753159232438,5.501862013479695,1,9,2,4.35291285905987,8.82978780893609,2
site019,2009,example272,24,76.66189380921423,29.693135004024953,0,8,6,12.149618490133435,8.977215324994177,4
site019,2010,example273,7,99.95530596002936,8.088946480304003,0,8,10,7.19823382422328,6.6151574230752885,3
site019,2011,example274,24,70.2269246801734,4.780976853799075,0,10,11,3.3792974608950317,5.4625542217399925,2
site019,2012,example275,20,80.315026845783,7.167752926470712,1,2,7,3.311384417116642,9.769912399351597,5
site019,2013,example276,44,63.15884710289538,12.020123202120885,1,1,3,14.561093339696527,7.250102111138403,5
site019,2014,example277,17,92.54673457704484,11.42901389556937,1,5,15,8.31229747692123,7.791349096223712,5
site019,2015,example278,41,75.28716640546918,9.777199419680983,1,10,0,8.315465820021927,5.854784949915484,4
site019,2016,example279,30,92.08730831742287,2.287591695319861,1,8,10,10.64267934113741,5.105927686672658,3
site019,2017,example280,5,67.91694547049701,28.108717230381444,0,2,0,12.033122638240457,6.059567099437118,1
site019,2018,example281,6,97.85599080845714,17.492793866433203,0,7,8,10.693011722527444,6.592013483168557,3
site019,2019,example282,40,73.82689896970987,7.403279607417062,0,0,3,13.312023014761508,7.912942226976156,5
site019,2020,example283,47,80.88200989179313,26.460874083219096,0,10,4,2.975814753677696,5.25650289375335,5
site019,2021,example284,16,64.46752025745809,14.551375383744016,0,1,15,4.713433802593499,6.249280881602317,0
site019,2022,example285,44,95.4389940481633,16.728144625434652,1,1,2,13.541364634875208,5.073448998155072,2
site020,2008,example286,27,98.17019892856479,23.74754704348743,0,6,14,5.954746396280825,6.092350204708055,1
site020,2009,example287,39,61.61523052491248,19.788237899541855,1,4,8,14.051887896843255,7.6180351979564875,1
site020,2010,example288,6,79.74464754574001,5.201901264488697,0,5,7,5.579747090116143,6.64932670770213,5
site020,2011,example289,19,69.04254819266498,10.32748393714428,1,4,12,10.03549424186349,8.707312264014035,4
site020,2012,example290,17,94.35201357118785,28.580611895769835,1,4,0,8.298800067044795,9.777784779435024,4
site020,2013,example291,28,81.23742935247719,6.457756238989532,0,3,5,8.875931569375098,6.1160053161438555,5
site020,2014,example292,16,60.18552603200078,22.76172320591286,1,3,4,7.983380765188485,9.884416232816875,0
site020,2015,example293,32,71.10240320675075,14.315595783060417,0,7,13,8.431544638238847,5.459749995497987,0
site020,2016,example294,1,73.0081257224083,5.09958641929552,0,8,8,6.3639184567146,8.68322974187322,0
site020,2017,example295,48,83.54825106449425,6.950599205447361,0,0,9,9.422698558308184,6.367884200299159,4
site020,2018,example296,1,69.98738802969456,20.58351148851216,0,9,12,4.684530395083129,6.382301945704967,5
site020,2019,example297,12,61.72469123266637,5.002876104786992,1,3,8,10.053785920608789,5.3025387425441295,5
site020,2020,example298,23,64.42715150304139,13.05076732323505,0,9,4,10.324778698850423,6.140222852118313,0
site020,2021,example299,48,88.15015248022974,14.086163922213018,1,7,0,8.761808479670435,8.7948634440545,4
site020,2022,example300,2,97.5608495529741,19.065450521185994,0,10,3,5.314962568692863,6.722987124230713,1
site021,2008,example301,17,72.44676072150469,8.284054625080898,0,1,11,11.407419769093394,8.585931335110217,4
site021,2009,example302,1,63.13971720635891,14.460450447862968,1,7,3,12.85869677271694,6.015627585584298,2
site021,2010,example303,36,72.86976365372539,5.799767642747611,1,6,14,6.159317870624363,5.2766176499426365,3
site021,2011,example304,11,84.99622147530317,25.87638715095818,0,1,12,7.177408947609365,8.634363575838506,2
site021,2012,example305,12,77.60967398062348,5.540005021495745,1,4,15,13.188733509276062,6.331455917097628,5
site021,2013,example306,41,92.0538120251149,3.561617377679795,0,8,13,6.723866993095726,6.65135693969205,0
site021,2014,example307,5,71.17135220207274,26.90911538526416,0,9,1,7.7895840792916715,9.262500165496022,1
site021,2015,example308,41,82.82852773554623,9.717994743026793,0,9,9,8.051966707222164,5.027920544380322,2
site021,2016,example309,41,61.68512048199773,22.810513461008668,1,10,13,1.5539847072213888,7.166341706179082,2
site021,2017,example310,37,67.62869821861386,12.646592791890725,0,0,4,6.53397789504379,5.591899494174868,1
site021,2018,example311,47,89.0834588278085,14.008185076527297,1,5,2,7.443964269012213,7.518981144530699,4
site021,2019,example312,15,93.06760201230645,5.6305454259272665,1,7,4,8.797006797976792,9.879270392702892,1
site021,2020,example313,34,80.42884301394224,5.190959687111899,1,7,12,10.415977942291647,8.308743224479258,0
site021,2021,example314,35,82.70904663018882,5.32623136905022,1,1,12,10.551909622270614,9.420730082783848,3
site021,2022,example315,26,60.04623278975487,15.918593535665423,1,6,14,13.469203280750662,8.673080179141834,3
site022,2008,example316,26,65.75112412683666,15.291991881793365,1,7,5,10.3245191834867,7.526378878392279,3
site022,2009,example317,34,94.63868332095444,18.873940287623554,0,7,0,8.336083811242133,9.430690607987344,4
site022,2010,example318,22,63.302442422136664,13.975263830041513,0,9,9,5.354393159970641,7.477045539999381,3
site022,2011,example319,2,69.78282728232443,2.6146247412543744,1,7,6,1.3665990270674229,8.900550869293511,5
site022,2012,example320,30,99.26172629930079,1.1564929767046124,0,10,1,2.820581539068371,7.533826031722128,0
site022,2013,example321,47,83.10325117781758,7.433191832853481,0,4,8,8.02698618825525,5.4208424827083945,2
site022,2014,example322,1,69.94905457831919,25.67793349479325,0,3,10,8.152933986391872,7.738529072375968,3
site022,2015,example323,46,84.59815815091133,8.753039977513254,0,9,3,2.6131188650615513,6.792582555208355,1
site022,2016,example324,22,61.270292829722166,18.35940792434849,1,8,1,4.585873322561383,7.691109136212617,0
site022,2017,example325,2,65.8569417707622,18.649391219951212,0,7,14,3.303084664978087,8.093938688980415,4
site022,2018,example326,8,88.12291895970702,29.7725947718136,1,5,9,4.911548444069922,6.235868880758062,3
site022,2019,example327,38,62.62242834083736,6.544508863473311,0,10,6,3.13547186832875,7.282847841270268,4
site022,2020,example328,29,84.87228249199688,22.84832695359364,1,7,2,7.004712185822427,5.510684791952372,4
site022,2021,example329,30,97.49309461563826,8.029232777189463,0,3,7,3.969111892860383,5.073298480128869,1
site022,2022,example330,29,63.515784591436386,10.496114380657673,1,9,12,2.0919388066977262,5.481800098204985,2
site023,2008,example331,8,98.91214037314057,1.1025293455459177,0,2,2,13.211609748657793,6.120955776423216,5
site023,2009,example332,35,61.04042842052877,29.925300164381042,1,4,4,3.998484983574599,5.722323681693524,5
site023,2010,example333,33,89.00911808013916,13.703725626925007,1,0,14,3.839724433142692,9.224200411699712,0
site023,2011,example334,21,78.14825566485524,29.93297360255383,1,1,2,5.431754264514893,7.076959336409345,4
site023,2012,example335,43,82.64729619957507,6.7048559053801,1,5,5,5.624312369618565,7.813950916752219,0
site023,2013,example336,40,94.90924185141921,4.232827076688409,0,2,6,11.769213376101106,7.928529741475359,2
site023,2014,example337,27,82.18252718448639,8.271357065765187,0,1,11,9.022858369164169,5.352173977298662,2
site023,2015,example338,28,89.50608829036355,20.733821489848197,1,7,15,3.269653088413179,8.852614957140759,3
site023,2016,example339,42,84.9251664802432,17.740374605637044,1,9,4,12.387165378779173,7.927386800292879,5
site023,2017,example340,38,72.44113623164594,13.07407159009017,1,0,7,13.907550842966884,8.862456243950874,0
site023,2018,example341,44,75.68785938434303,22.14625606359914,0,9,15,4.534724065102637,7.184748352738097,3
site023,2019,example342,36,68.08349821716547,17.651502257445827,1,5,7,11.520058655180037,8.158188795205206,3
site023,2020,example343,42,94.11121558398008,17.751419321168214,0,7,2,3.8607397470623255,8.745808185776696,2
site023,2021,example344,32,84.2732060328126,18.109974695602432,0,10,9,12.609406542498618,8.473900585668162,5
site023,2022,example345,18,90.24392055347562,7.464921862352639,0,4,0,5.22820119606331,9.912110369186848,0
site024,2008,example346,11,82.50067234970629,4.001276660244912,0,8,3,11.732520387507975,6.402524170698598,3
site024,2009,example347,33,71.03596051223576,22.358674781164154,0,8,3,2.689170074649155,5.323861530050635,5
site024,2010,example348,20,89.42233614623547,18.7597089309711,1,1,10,12.825119298417121,7.124610630562529,4
site024,2011,example349,16,81.97119175456464,28.585158455185592,0,7,14,12.497112662065774,6.533785541541874,0
site024,2012,example350,11,73.84508175775409,28.836400102591142,0,5,3,12.954457303043455,7.146084817359224,3
site024,2013,example351,29,80.59862539172173,22.60024545248598,1,5,8,1.2037883712910116,7.224093682598323,4
site024,2014,example352,34,92.63071790337563,13.610074224648997,1,4,4,1.5309651517309248,8.247560157906264,0
site024,2015,example353,29,81.05090277269483,6.068478982662782,0,1,6,5.183991535566747,5.081656778929755,5
site024,2016,example354,24,68.12160199508071,13.623353996314108,0,7,4,5.573667054064572,6.1650733556598425,2
site024,2017,example355,49,93.92430721782148,23.11128744506277,1,3,0,2.0468158796429634,7.43773523485288,2
site024,2018,example356,46,74.81976860202849,27.651850020280108,1,3,3,10.913150722160935,9.444222347810864,4
site024,2019,example357,2,72.13300683535635,27.294229904655367,1,3,1,1.3526093675754964,6.382670084713027,5
site024,2020,example358,50,90.82388187758625,24.64987204084173,0,8,10,12.536846512928605,6.499072937294841,4
site024,2021,example359,17,89.33794219978154,6.792835337109864,1,10,0,8.160039602778852,9.936555484309793,3
site024,2022,example360,31,93.55623993091285,2.4391419743187726,0,7,12,11.733907310757786,7.32027257210575,5
site025,2008,example361,16,82.76195369660854,14.889507242944092,0,9,14,14.132063013035804,5.008807788835838,5
site025,2009,example362,37,61.0512335319072,18.121407696744427,0,3,9,8.587454036809504,5.300095698330551,3
site025,2010,example363,41,79.44508912973106,3.801986838923767,0,0,15,14.285128737334162,9.658268553903326,2
site025,2011,example364,39,81.70724131166935,28.57581681222655,1,10,1,5.437225336674601,7.363610926549882,0
site025,2012,example365,41,93.46640467643738,5.719551019836217,1,1,3,5.015110929030925,9.216393444221467,0
site025,2013,example366,31,89.14658152498305,27.723681615898386,0,7,3,14.557328748516738,9.159122371347621,3
site025,2014,example367,25,82.20455227419734,4.705477111740038,0,5,9,4.400813557207584,8.844290772685781,3
site025,2015,example368,12,62.93657589703798,20.219448124757037,1,6,15,12.19628442125395,8.017612476833165,2
site025,2016,example369,19,65.46009196899831,23.737215895438567,1,1,1,5.132945696357638,7.791798945982009,1
site025,2017,example370,37,87.38434785045683,23.173781692050397,0,9,15,10.754998431541026,7.627189122140408,3
site025,2018,example371,19,63.984877448529005,20.504539005458355,0,3,11,11.656549557112157,6.193019998027012,3
site025,2019,example372,28,68.15143620595336,4.35431116912514,1,4,15,4.832224149722606,8.08133393758908,1
site025,2020,example373,19,74.63920553214848,25.68774313852191,0,2,7,1.072913542855531,9.327784753404558,2
site025,2021,example374,29,93.84783030487597,18.92088625021279,0,3,12,6.909399127587676,8.821816623676568,5
site025,2022,example375,40,69.47490382008255,25.255935123888776,1,2,5,9.36943686241284,5.9393845906015486,3
site026,2008,example376,47,88.19511402398348,5.927918517962098,0,10,2,7.190343210939318,6.861835763556883,0
site026,2009,example377,7,64.30435323156416,1.2981553822755814,0,1,3,5.795562354847789,8.781988550908864,2
site026,2010,example378,38,91.1627547442913,10.380622206488624,0,3,1,8.233049483969808,5.438621958019212,0
site026,2011,example379,9,70.20422733388841,8.820799010340124,0,1,10,4.198395762126893,8.281965793576092,0
site026,2012,example380,16,81.9217330403626,24.932579326210544,0,0,0,5.051879805047065,8.577962359413505,2
site026,2013,example381,17,61.35606083087623,28.07619037339464,1,10,15,1.3139041122049093,9.295448159100488,3
site026,2014,example382,39,92.24437904544175,4.7059530259575695,0,9,1,8.397131280973554,6.0491210606414825,1
site026,2015,example383,50,73.51011228747666,27.486790580907837,1,10,7,6.858485521748662,6.377025595866144,2
site026,2016,example384,41,96.65143432095647,18.551784484647214,1,3,4,14.647171526681632,9.176780651323497,2
site026,2017,example385,10,74.2842567153275,12.60826982720755,1,3,11,1.6939520230516791,6.4031219587195665,4
site026,2018,example386,48,99.01460052467883,20.308063799049705,0,9,10,9.939017147291452,9.239833692554384,2
site026,2019,example387,43,75.37514090538025,23.260379038751125,1,5,14,7.914506029803306,8.093515780055895,4
site026,2020,example388,1,79.54694140702486,16.13497530389577,0,4,14,1.0658875429071486,6.248104500118643,2
site026,2021,example389,18,79.63104925118387,12.440717996098101,1,1,6,3.5958775095641613,8.100389085011557,4
site026,2022,example390,12,60.49018496647477,29.007818172918633,1,3,1,9.8795126946643,5.275393757037818,5
site027,2008,example391,12,85.65892802551389,2.4205806783866137,0,5,14,8.258612061850727,9.576394512550905,4
site027,2009,example392,30,80.50299886614084,5.44593987823464,0,10,4,13.483510300982744,9.428370003588498,5
site027,2010,example393,29,72.81408472917974,21.208332900190726,0,1,8,10.486430299002677,8.431517403805628,1
site027,2011,example394,50,83.25732630677521,22.10579032357782,1,4,14,8.192751863971353,9.76971626165323,3
site027,2012,example395,21,84.69377633184195,4.1430030486080796,1,2,6,5.301114732399583,7.787907078163698,1
site027,2013,example396,29,77.53098150715232,14.472487821709365,0,8,8,6.563450482673943,8.916131225414574,0
site027,2014,example397,9,66.81475922465324,19.621640550438315,0,4,7,3.1461464362218976,9.001397269312292,5
site027,2015,example398,15,88.60321986488998,12.516217197990045,1,3,8,6.317325270734727,6.325510613387451,2
site027,2016,example399,4,89.9114619474858,29.722477454459295,1,2,10,4.784958192612976,6.4667784492485225,4
site027,2017,example400,35,93.75658832490444,20.68255548691377,0,10,9,14.23405663203448,6.128986285766587,1
site027,2018,example401,49,81.39036187902093,10.144235268933699,0,4,0,4.531645625829697,9.313984629698098,3
site027,2019,example402,32,72.08941046148539,5.459308541147038,1,1,9,11.300240178126842,8.618737101787701,3
site027,2020,example403,15,78.26072728261352,9.736300337361172,1,7,14,1.9475550260394812,5.766311559127644,3
site027,2021,example404,27,75.37370137870312,3.7409503881353885,1,8,6,6.191325911786407,9.265038503799587,5
site027,2022,example405,48,69.96187418699265,1.7793896987568587,0,7,11,4.045189469587058,8.161869681207463,5
site028,2008,example406,11,86.18506979197264,10.004015825223178,1,7,0,13.305744089186192,7.777264618780464,2
site028,2009,example407,27,98.2129480689764,22.530727189965546,1,10,11,6.926491878926754,5.219626812031493,4
site028,2010,example408,1,71.64331829175353,28.84267415688373,0,2,4,5.494497800711542,6.397533525014296,2
site028,2011,example409,49,86.0075634624809,13.058277219068259,0,10,2,6.776555581018329,7.986663788324222,1
site028,2012,example410,11,81.4543972350657,16.14482681057416,0,1,1,3.1895438102073967,9.783676089718938,2
site028,2013,example411,46,83.89807466417551,2.9580721349921077,0,3,13,9.807776177767664,5.2922243310604244,5
site028,2014,example412,50,60.99593077786267,19.265412357635796,0,5,12,11.771552476100624,7.287343282951042,1
site028,2015,example413,5,60.1936695817858,11.248999828938395,1,0,6,13.625198691152036,7.042345197405666,3
site028,2016,example414,15,65.25513017550111,13.316724911564961,1,5,12,9.542103671468794,7.546436575939879,4
site028,2017,example415,14,60.992684150114655,28.94929493055679,0,9,14,9.82960532978177,5.197100498480722,1
site028,2018,example416,18,63.68517807684839,20.748956121038646,0,3,2,10.268898513633758,9.315026606200263,4
site028,2019,example417,2,79.02232896536589,21.83545264857821,0,1,1,14.019992293324322,6.306049465201795,5
site028,2020,example418,45,67.86627044901252,5.948263195808977,0,10,8,14.891448789741844,7.303504940355197,5
site028,2021,example419,32,92.58695794269443,6.904663584893569,1,3,10,4.619229924399406,6.094126089010388,5
site028,2022,example420,32,69.76236912421882,26.419941645581275,1,10,9,5.071804786100984,9.679420334286988,1
site029,2008,example421,47,79.5523055177182,25.28815324162133,1,5,8,13.762388278264552,8.552377971354872,4
site029,2009,example422,10,85.95529918558896,21.898184231482446,0,5,15,6.22630117693916,6.996848783455789,2
site029,2010,example423,35,66.34865880012512,9.150837762048468,1,3,8,11.129647281952202,6.401211034972221,1
site029,2011,example424,43,93.47911643795669,7.089736005757004,0,4,7,12.759611381683499,8.517253758618608,0
site029,2012,example425,44,77.46386119164526,15.330359268467873,0,10,3,2.6336278640665114,6.10533430473879,4
site029,2013,example426,9,69.33982100337744,16.130831439048052,1,4,10,12.823636692017317,6.468151295557618,0
site029,2014,example427,41,71.9542396813631,7.375122540164739,0,9,9,10.187092882115394,9.445272934390232,4
site029,2015,example428,23,66.37685347348452,23.13009436847642,0,9,2,1.1299295099452138,7.496541058644652,4
site029,2016,example429,27,83.42268416658044,1.7110699387267232,1,3,3,2.5108098769560456,9.76229096762836,0
site029,2017,example430,38,65.95111908391118,21.633092409465462,0,6,6,6.980340324342251,8.878813366172835,1
site029,2018,example431,17,67.16238238848746,25.38574037561193,0,6,9,12.595351240597665,9.31454264675267,5
site029,2019,example432,16,73.56886019930243,27.99381109024398,1,7,3,5.693742213305086,7.875109809683636,1
site029,2020,example433,19,67.35607755370438,20.200657770968974,0,6,13,5.125604786910117,5.339744595112279,3
site029,2021,example434,8,76.22166088782251,8.82832436170429,1,6,0,13.694789276923984,7.589609932620078,2
site029,2022,example435,10,84.54238473437726,7.328770349500701,0,7,4,6.693430200684816,9.495688122697175,4
site030,2008,example436,43,87.42685337550938,26.166726963594556,0,2,10,8.94715217826888,5.153854051604867,2
site030,2009,example437,7,92.94102400541306,1.7125749995466322,1,5,13,4.477585998829454,5.54811307345517,3
site030,2010,example438,49,74.95928455144167,25.650775007437915,1,8,2,2.87972415657714,8.157464532414451,0
site030,2011,example439,4,98.1136401835829,16.194059232948348,0,1,3,3.758806033525616,7.356602204963565,1
site030,2012,example440,28,60.75328635983169,13.628418353153393,1,10,13,8.421599474269897,9.951066204812378,1
site030,2013,example441,49,84.49499889276922,28.007547647459432,0,7,15,14.378895701374859,8.843326176283881,1
site030,2014,example442,5,78.54295055381954,5.771961481543258,1,1,0,6.879556304775178,8.870322782313451,4
site030,2015,example443,9,74.18918482027948,11.984863369725645,1,0,4,12.750949784647673,7.076587782939896,4
site030,2016,example444,25,95.29692115262151,5.003303174395114,0,7,13,2.115785939618945,9.985447024228051,4
site030,2017,example445,8,63.03211433812976,5.341911238152534,0,10,2,11.503217211458832,7.2011367755476385,0
site030,2018,example446,10,95.3316476661712,20.6169701742474,0,9,13,4.724987101275474,9.83690073247999,5
site030,2019,example447,5,67.528873430565,17.301368520129472,1,9,0,8.410810548812151,7.7494479808956385,0
site030,2020,example448,31,68.60266987234354,14.677804840961471,0,3,10,1.6310013863258064,8.762342829722911,5
site030,2021,example449,11,94.78129166178405,24.521904889959842,0,8,0,11.769306973088533,8.328113766619936,3
site030,2022,example450,18,62.4335222505033,28.909267434850335,1,4,8,13.747383065056056,9.150429852306843,5
site031,2008,example451,26,69.39598402939737,15.946886637248099,0,2,10,11.442912800237536,8.297961483476683,3
site031,2009,example452,31,99.72062051296234,21.40796031919308,1,8,10,2.3637693617492914,5.029090973548591,2
site031,2010,example453,26,87.12790911085904,6.2455057902261615,0,3,2,14.238261634949595,5.210706101497635,2
site031,2011,example454,29,77.41947202011943,11.294041466200724,0,0,3,3.499393677338958,9.627639808459207,0
site031,2012,example455,3,75.09239767678082,2.447180889546871,0,8,11,12.232879132032394,7.151425767224282,4
site031,2013,example456,23,78.44736097380519,5.424057378433645,1,5,5,10.397754552774131,8.173529327614233,0
site031,2014,example457,27,92.07407486625016,3.8788798407185823,1,9,11,6.8565028556622565,8.064410064835101,4
site031,2015,example458,2,86.51867900975049,9.124294207664207,1,5,15,11.549111132044345,9.766371690202504,1
site031,2016,example459,45,78.64014656282961,12.236055861925706,1,10,8,6.808955533895642,8.613263427978382,1
site031,2017,example460,39,62.13037746027112,19.390604805201292,1,10,13,9.316441621631384,6.057942617917433,1
site031,2018,example461,5,69.48791673406959,21.504844655282795,0,3,8,5.478128843475133,6.877425607526675,0
site031,2019,example462,35,69.32958950288594,10.454531244235113,1,10,14,10.050737098325044,8.316568258451298,0
site031,2020,example463,41,69.2261440306902,28.9903161379043,0,8,13,6.012372640892863,6.205682158470154,2
site031,2021,example464,47,62.46905095875263,21.197178976377472,1,10,2,13.205842301249504,7.8849664819426835,4
site031,2022,example465,29,79.8847443703562,5.671267630532384,0,4,7,6.690313952974975,5.428602830506861,1
site032,2008,example466,47,69.76500354707241,11.70280500734225,0,10,15,7.381618769373745,9.693343564867973,5
site032,2009,example467,9,90.32742155715823,9.764315016567707,0,1,0,13.450376765336841,6.165298935957253,0
site032,2010,example468,24,81.89210710115731,14.281007256824523,1,1,9,10.129160662647337,6.427183757768944,3
site032,2011,example469,37,97.92267585173249,24.875199644593522,0,1,10,1.1392511394806206,7.258188180858269,5
site032,2012,example470,50,63.44688769429922,7.743641175096855,1,7,0,10.177824296522886,7.319470338989049,0
site032,2013,example471,35,97.91530339978635,12.66734453290701,0,4,14,4.379427183419466,6.313235105480999,3
site032,2014,example472,40,88.89595472253859,29.176771285245195,0,8,6,14.51768307061866,6.013401544187218,5
site032,2015,example473,24,96.88018418848515,4.608201633905992,1,2,12,7.2600140161812305,8.619894455187023,4
site032,2016,example474,3,84.5536377467215,19.27841222146526,1,5,13,10.36083510145545,7.113479583058506,1
site032,2017,example475,14,66.4386600535363,21.412143170600757,0,4,5,2.395810934714973,8.216887058224529,0
site032,2018,example476,21,67.31762768700719,18.144808241631836,0,1,6,3.894155371002853,8.14581785700284,5
site032,2019,example477,48,89.20734248124063,29.89897186658345,0,10,14,14.262020682916045,5.269183871569112,4
site032,2020,example478,23,83.58102601952851,2.314746941672638,0,8,10,8.952448967844248,7.3928536649327725,0
site032,2021,example479,38,72.49929450452328,29.71210359944962,0,3,13,6.705175820738077,8.122520461911336,3
site032,2022,example480,46,90.911775957793,22.61388297006488,1,4,4,9.11713714711368,6.638535927049816,1
site033,2008,example481,36,73.45192808657885,13.665738335577771,1,0,14,2.8482053433544934,8.529945035697892,4
site033,2009,example482,45,94.22706764191389,5.437189914053306,0,0,13,7.971545828040689,9.498423376353458,2
site033,2010,example483,46,83.22113974019885,14.017090088920668,1,1,7,3.6081998688168824,6.984600877622142,0
site033,2011,example484,14,76.6289060562849,6.403416665038094,1,9,15,4.366962557658553,6.96391106932424,5
site033,2012,example485,15,97.30291141197085,13.369908892549574,1,10,9,12.319050068501383,7.447154809487984,5
site033,2013,example486,18,78.50795365869999,24.802616129629314,1,9,0,10.499780640937388,5.265028990106657,2
site033,2014,example487,7,63.97385319694877,2.4609885124955326,0,10,0,14.568649449851364,6.663920567370951,4
site033,2015,example488,30,78.61797452904284,10.436082397587597,0,9,9,2.9381971484981477,5.957063973182812,5
site033,2016,example489,36,99.3633543048054,25.429945955751464,0,10,7,7.307718804106116,6.923066405579448,2
site033,2017,example490,38,97.01091463677585,2.165793995372951,1,6,2,7.853979393374175,7.185915027512237,2
site033,2018,example491,47,77.4159505404532,23.964315875200555,1,4,3,8.596637115813792,5.784788741730154,4
site033,2019,example492,15,94.788828631863,28.88722468772903,0,10,7,7.388666426297277,5.359561117365956,0
site033,2020,example493,8,72.01416687108576,20.166694137034938,1,6,4,3.399999935179949,8.32328665535897,4
site033,2021,example494,10,91.91890524700284,1.2528051543049514,0,4,13,11.007763853296638,7.09355179569684,1
site033,2022,example495,42,92.0204284787178,14.507887503365055,0,3,15,13.684295849874616,5.551610816037282,5
site034,2008,example496,50,75.47702784650028,21.781801612116396,0,1,10,5.064051954075694,7.314301774604246,2
site034,2009,example497,29,75.26358780451119,1.8172811847180128,1,4,15,11.710765176918358,6.387197958538309,2
site034,2010,example498,9,85.8206245675683,25.518994202604517,1,2,2,14.013909659348428,5.463310481281951,5
site034,2011,example499,33,94.46669816970825,22.646046861773357,1,2,13,1.1389194494113326,5.902267645578831,2
site034,2012,example500,37,86.26530683599412,8.65689216600731,1,5,9,8.006738712545484,7.620814699912444,0
site034,2013,example501,19,80.65304294228554,22.63149661035277,1,0,0,4.631435520481318,5.959497707663104,1
site034,2014,example502,45,65.95126333646476,20.475891669047996,0,10,14,7.469918905291706,7.5769482215400785,3
site034,2015,example503,13,84.51063611544669,5.98952926765196,0,2,14,6.704256279394031,6.781147383153439,1
site034,2016,example504,5,61.678672758862376,20.421777581097558,1,4,0,12.694366249721497,9.131846828386188,0
site034,2017,example505,17,79.93435970507562,27.9802669135388,0,1,12,2.8745469921268523,6.568743088282645,1
site034,2018,example506,1,89.58032886497676,25.678267993265763,1,7,3,13.173438912723213,7.606974112568423,1
site034,2019,example507,7,90.15599117614329,23.65112382103689,1,9,1,6.492766307666898,6.2098777666687965,5
site034,2020,example508,10,62.523749647662044,20.88942760671489,0,4,15,9.680135768372566,6.62637215689756,5
site034,2021,example509,20,77.69927733577788,18.14970424864441,1,2,13,2.7992032393813133,6.99983234400861,1
site034,2022,example510,6,80.02686796709895,12.694923290517181,0,7,4,13.343441806267947,8.251212175237015,5
site035,2008,example511,50,70.80972401425242,4.722095264587551,0,4,15,9.96444695070386,5.282474001869559,5
site035,2009,example512,22,83.95208596251905,24.784769468009472,1,10,13,8.16789505444467,8.526974016567692,3
site035,2010,example513,7,89.433505050838,21.78489369736053,0,2,8,9.840028622653335,7.721035198774189,5
site035,2011,example514,9,88.54311247356236,23.86142072174698,1,3,7,14.504638354759663,6.695882733911276,1
site035,2012,example515,36,64.65971747413278,1.5311640338040888,0,3,14,12.078377339057624,8.681281476747245,2
site035,2013,example516,16,83.0048247333616,6.060214088531211,1,10,12,14.285983372945338,6.332653014687821,1
site035,2014,example517,5,91.92527948878706,18.360820083180442,0,0,4,10.260466182604432,5.498643744504079,0
site035,2015,example518,39,69.27295186556876,3.3385258631315082,1,3,10,7.380737838335335,6.86722697573714,3
site035,2016,example519,5,88.99423302151263,21.512162312399596,0,6,1,14.223626513499767,5.394065352156758,0
site035,2017,example520,46,93.52092791348696,17.346394452033564,1,8,13,10.371964915655553,6.130702361697331,4
site035,2018,example521,27,64.75354283116758,9.201429366366938,0,10,12,5.895761900115758,9.935962110757828,4
site035,2019,example522,31,98.35801586508751,12.369646206265315,1,5,10,5.853950681164861,5.591870188945904,4
site035,2020,example523,48,89.91058337502182,20.509116867557168,0,4,11,1.2190639120526612,7.97321927617304,2
site035,2021,example524,34,92.43557915091515,5.70321035082452,0,10,9,7.318069589789957,8.461410136660561,3
site035,2022,example525,27,67.59670893661678,4.146555200917646,0,5,12,8.14329595118761,7.606054535135627,0
site036,2008,example526,46,61.03875109925866,16.469882669392973,1,2,3,1.8432096857577562,7.003438241081312,1
site036,2009,example527,19,94.5512916892767,3.992773910285905,0,0,1,11.389470941387117,7.10662012337707,4
site036,2010,example528,0,96.767194615677,3.709124472225085,1,6,1,3.143864203710109,7.645920073846355,0
site036,2011,example529,4,65.50511951558292,19.55782911949791,0,0,14,5.817726720590144,8.444346241885796,2
site036,2012,example530,10,79.10594487562776,17.357230676570907,1,9,13,6.3298495607450604,9.918835947755724,1
site036,2013,example531,46,78.51846001110971,9.860559065593407,1,1,3,13.871242871973664,7.574268016032875,3
site036,2014,example532,19,88.00714444369078,8.714261908549815,1,2,8,9.92000738857314,7.462270632386208,4
site036,2015,example533,1,62.62299604713917,19.34252289822325,0,8,14,13.084674074314535,6.462816169951111,3
site036,2016,example534,47,89.32159973308444,25.09197717299685,0,10,1,6.780198858585209,5.799721470102668,0
site036,2017,example535,50,75.83726361393929,2.489312842488289,0,3,3,10.86351167364046,6.6634886036626995,5
site036,2018,example536,9,78.45951379276812,29.77771604876034,1,0,11,3.7618936975486577,6.466511064209044,4
site036,2019,example537,50,89.01197453029454,1.6405285929795355,0,6,12,8.389389411080629,6.826204500393942,3
site036,2020,example538,48,78.80010588094592,6.215327782323584,1,10,1,13.597121205180883,7.378910920815542,2
site036,2021,example539,6,99.98095910064876,10.53207017108798,0,3,10,5.06903374614194,6.873047401895747,2
site036,2022,example540,37,93.83743166923523,25.79197578621097,0,1,9,5.2787876687943935,7.133646385045722,1
site037,2008,example541,43,93.12829215079546,6.346449083648622,1,9,6,7.016870113089681,6.130580444587395,3
site037,2009,example542,35,90.4657737724483,24.06534437322989,0,2,10,13.413773188367486,5.278349376749247,3
site037,2010,example543,22,64.48425967246294,25.906712010037154,0,3,13,10.527402388397604,9.293057024478912,3
site037,2011,example544,50,93.55908077210188,14.68856648192741,0,3,3,7.1290861535817385,7.806185778463259,3
site037,2012,example545,33,92.55402096547186,19.797882339917123,1,10,9,12.667978998739272,7.686873908387497,3
site037,2013,example546,23,99.65648776851594,10.426208852091804,0,8,6,4.388070986140519,8.084661905886605,1
site037,2014,example547,3,61.93258099257946,14.517986285034567,1,1,11,6.369997694157064,6.098707091296092,1
site037,2015,example548,28,89.87151649780571,28.32981122727506,1,10,15,2.683728355448693,7.597955072997138,3
site037,2016,example549,22,76.77254086360335,8.118464660597965,1,7,1,4.2652099980041385,8.614115599775687,2
site037,2017,example550,10,83.2857558876276,1.651254717959091,1,2,15,10.626054884400219,5.141092872945592,1
site037,2018,example551,32,93.22936248965561,29.04508308530785,0,9,1,14.906892784871161,8.184581899549812,3
site037,2019,example552,50,60.54122509434819,8.54141685180366,0,4,11,12.650353281758726,8.701115009607747,2
site037,2020,example553,49,60.460870526731014,19.969109278870746,0,1,5,10.771512898616493,7.226431706221774,0
site037,2021,example554,47,99.85782829113305,3.186055888887495,1,3,9,8.347785631660372,8.986922841286287,4
site037,2022,example555,2,90.62758668325841,29.108136871131137,0,9,0,3.5634408011101186,8.278732254402712,5
site038,2008,example556,32,72.58650442585349,27.637640391476452,1,4,7,14.749985538888723,8.04258992546238,0
site038,2009,example557,29,92.48046977445483,26.17642355035059,1,6,7,12.536949122790247,5.911838201573119,4
site038,2010,example558,33,99.64876869693398,13.306990270037204,0,1,15,14.556020789779723,8.713246397674084,4
site038,2011,example559,1,68.0303837172687,23.64992730366066,0,1,6,8.344312506727874,7.105969267431647,2
site038,2012,example560,39,85.84148881025612,9.6972708881367,1,9,13,11.417100264225155,5.5374545708764344,4
site038,2013,example561,19,77.50202915631235,9.394130864180624,1,4,10,12.141504311934114,5.794299377594143,2
site038,2014,example562,13,97.52113046124578,29.97894116048701,1,10,9,8.019977591466159,8.930554540129378,5
site038,2015,example563,24,99.5201322156936,29.624079030007124,0,8,7,8.289166614878923,5.591220288770273,3
site038,2016,example564,44,78.25278243981302,14.921343894675374,1,8,9,10.8659733585082,7.331878844415769,4
site038,2017,example565,6,69.22459772787988,23.105976920574903,1,0,2,7.673848154488951,6.85085846344009,3
site038,2018,example566,39,87.81957074068487,10.52974582533352,0,8,13,5.11731647932902,7.46700257062912,4
site038,2019,example567,34,82.26529378443956,7.85092657036148,1,1,14,8.505391644313931,7.833590564550832,2
site038,2020,example568,30,83.3884035795927,18.917940881103277,0,10,10,9.249443151522428,9.769794080639258,5
site038,2021,example569,21,77.34524987637997,10.87302869767882,0,5,13,10.241629418917,5.903099075658247,3
site038,2022,example570,15,77.04700211063027,2.693339800927788,0,1,9,14.386879725847393,6.932342904619873,0
site039,2008,example571,21,83.87417581863701,29.476428845198825,1,8,14,4.792635101359338,7.152584900613874,4
site039,2009,example572,28,78.08342339470983,20.953163529047742,1,10,1,4.706404631026089,9.247784363105893,0
site039,2010,example573,32,98.26434634625912,26.00328440638259,0,4,0,4.585637393873185,5.167958152014762,0
site039,2011,example574,43,93.77721400000155,14.38916902593337,0,8,6,7.09049897827208,5.111795295961201,1
site039,2012,example575,49,68.91074410639703,4.6547887567430735,0,7,14,6.973815583623946,6.637661956483498,0
site039,2013,example576,30,76.80680708028376,20.728567912476137,1,3,5,6.479176660068333,6.711553110508248,1
site039,2014,example577,45,76.7993174213916,1.57851477060467,1,2,3,8.952092693652958,9.395668648649007,3
site039,2015,example578,7,60.83163395524025,5.725800550542772,1,4,6,6.222388178110123,7.8233193047344685,1
site039,2016,example579,23,75.21791878156364,26.97865921794437,1,7,12,6.256705822888762,5.623902967199683,5
site039,2017,example580,29,76.8939371034503,5.441574592143297,0,2,13,5.292145214509219,5.308503441046923,0
site039,2018,example581,22,67.65704253688455,8.500606215093285,1,0,0,9.741212845314294,5.582239965442568,2
site039,2019,example582,36,88.21317126974463,8.076715726638213,1,2,8,3.304975455161184,9.179357537068427,1
site039,2020,example583,31,60.54081900976598,10.044082314241678,0,1,8,2.894037109334022,7.064947629114613,4
site039,2021,example584,16,89.24812423065305,7.416153997182846,0,10,6,2.1482885349541903,9.842154377838597,5
site039,2022,example585,25,77.30896391905844,1.8858584424015135,1,4,3,2.067094810772687,8.517806093441322,2
site040,2008,example586,42,89.24960372038186,27.18806166271679,0,1,6,10.660524036735296,6.344118438428268,1
site040,2009,example587,22,60.55766209959984,28.822526464471593,0,1,1,14.59057301376015,9.458955032750964,5
site040,2010,example588,25,61.81253233924508,28.34261118201539,0,9,9,12.095428451895714,8.243404142558575,1
site040,2011,example589,35,76.73657505773008,14.145701159490272,0,5,3,10.164954603184015,9.980098770465702,4
site040,2012,example590,44,85.75360008515418,13.692285070195794,0,5,11,10.661918792873621,5.574813730781898,0
site040,2013,example591,7,68.79175142385066,2.4548182850703597,0,0,15,5.839427006430924,8.942016346845776,1
site040,2014,example592,14,93.33770611323416,11.43481678236276,0,2,12,10.016767037566751,9.896204915130511,1
site040,2015,example593,35,87.79069254174829,27.002677876036614,0,6,3,6.45656891958788,8.745170860784128,1
site040,2016,example594,44,95.96497940830886,11.760831849649549,1,6,10,2.7400881494395435,8.879821323789656,0
site040,2017,example595,2,76.5696114115417,15.59526532702148,1,2,0,11.973311412148178,9.893580013886094,3
site040,2018,example596,38,76.44018813036382,16.300379876280203,0,9,15,13.15315371984616,6.634955550543964,1
site040,2019,example597,32,70.00059957616031,5.937831887276843,0,1,6,6.833921025972813,6.908680549822748,1
site040,2020,example598,37,74.95068156160414,16.61936452705413,0,3,1,10.086011108476669,5.89095828239806,5
site040,2021,example599,44,69.27570930682123,4.204309907043353,1,4,5,9.066434866283089,7.077636099420488,4
site040,2022,example600,25,97.26412658579648,18.809045997215435,1,0,12,13.517066072672606,7.114105899818242,2
site041,2008,example601,27,79.05379020608962,16.804316382622346,1,10,6,6.538545896764845,7.999851338099688,3
site041,2009,example602,25,61.906600119546056,7.6012320830486715,0,7,7,6.550854552537203,7.0589599560480565,4
site041,2010,example603,16,90.94124224036932,27.143750925548375,0,9,3,5.31267151562497,5.388955113012344,4
site041,2011,example604,22,73.24469317682087,6.757266664179042,0,8,13,2.359828219283372,8.276867986423895,0
site041,2012,example605,37,82.11505882441998,13.232551409397274,1,2,2,11.17066538427025,5.166102551156655,3
site041,2013,example606,9,87.05322115682065,26.646493882406503,0,4,0,13.456515992991626,5.771820259978995,3
site041,2014,example607,44,71.09337483532727,7.907824551220983,0,7,12,8.78764523472637,9.823012195993215,0
site041,2015,example608,37,62.11422713473439,9.45728734927252,1,9,7,2.842121451161802,7.542783179087564,1
site041,2016,example609,40,77.03034334816039,26.415462816366926,1,2,3,13.649137025233358,6.413235475774854,4
site041,2017,example610,7,84.40473928116262,18.953101775143296,0,0,15,6.551201214082539,5.013511821161956,2
site041,2018,example611,0,99.04184140264988,25.861663857009262,1,0,10,2.822946318425238,6.6175950900651515,4
site041,2019,example612,15,98.79200480878353,14.841245642630383,0,1,15,13.594413734506816,9.42299343412742,2
site041,2020,example613,1,63.53938229382038,26.932697838172317,1,9,7,7.246581841260195,5.8018287911545485,4
site041,2021,example614,39,79.93520149029791,5.90301134577021,0,7,2,7.068643781822175,6.916613606736064,2
site041,2022,example615,13,75.82757471129298,19.01103399368003,0,8,0,6.841198092326522,7.786392132984474,1
site042,2008,example616,11,75.61327716335654,21.960055361967534,0,2,4,5.3982195956632495,7.472618822939694,3
site042,2009,example617,25,72.73997963406146,6.516268738778308,0,9,6,2.9770545796491206,8.613934294553474,3
site042,2010,example618,7,87.30300216935575,17.492749565979466,1,10,13,12.066566966474056,9.064719610614702,2
site042,2011,example619,40,71.38459630310535,20.474408498499542,1,0,12,12.771564953029156,7.0479277381673455,5
site042,2012,example620,7,75.60378856956959,27.657116062007844,0,1,9,3.701580221299082,6.124256661860272,5
site042,2013,example621,8,99.60674241185188,10.44123123656027,0,2,4,7.401303049642593,7.52933056675829,0
site042,2014,example622,32,91.68022925965488,16.855810038978234,1,5,10,4.538945613894612,6.508469666587189,3
site042,2015,example623,2,72.49620606191456,1.1447441803757101,0,2,1,2.161173343192786,9.146487604593858,1
site042,2016,example624,39,92.68470921553671,11.733368100365624,0,9,9,11.766767226625234,6.32318060612306,2
site042,2017,example625,1,68.83639088831842,19.49102131417021,0,7,3,4.876294972840697,7.478521208977327,0
site042,2018,example626,0,80.04295281134546,18.678603294305503,0,1,7,8.071093952748924,5.4834217799361795,5
site042,2019,example627,8,66.67889185249805,24.730472904862836,0,2,3,2.883105575107038,6.436408519512042,5
site042,2020,example628,6,64.78636777959764,4.418862102320418,1,4,10,7.681289092171937,9.223490611184388,0
site042,2021,example629,12,95.9043987095356,20.237372462404892,1,8,1,12.908654987812042,7.379174365196377,5
site042,2022,example630,28,63.74859514646232,6.846610402688384,0,9,13,1.1969634089618921,7.2674173035193235,2
site043,2008,example631,19,94.6023422665894,18.018926702905446,1,9,3,14.92304523428902,5.999013260006905,1
site043,2009,example632,13,71.06365854851902,21.15702938265167,1,0,0,12.04610284930095,6.298173188697547,5
site043,2010,example633,15,61.091347709298134,16.320356288459152,0,8,13,4.503444036003202,7.702886210754514,5
site043,2011,example634,6,91.49539853446186,11.716123792575672,1,2,13,11.367327261250466,8.626926011638716,5
site043,2012,example635,35,74.34641199186444,21.25569976097904,0,3,6,7.48560717375949,5.9230628167279065,5
site043,2013,example636,44,61.00411863066256,14.73742926120758,0,0,5,1.4963862509466708,5.926983122481033,5
site043,2014,example637,11,89.84374391846359,7.693427593214437,1,0,4,9.54223442170769,9.591649713693187,5
site043,2015,example638,24,61.18502308614552,14.169906202238053,1,5,6,6.603726155590266,5.668416355038062,4
site043,2016,example639,26,77.35459323972464,3.296565656317398,0,9,1,14.952753809280694,5.032249467913061,2
site043,2017,example640,12,70.26507331989706,8.472736638272181,1,6,14,7.196231769863516,6.362816657638177,0
site043,2018,example641,19,79.92060883902013,17.068334521260113,1,6,6,1.139012179337442,8.279491044813767,2
site043,2019,example642,9,86.1342092230916,1.6310340017080307,0,9,1,1.3562012733891606,7.53966536722146,4
site043,2020,example643,29,63.34627542644739,7.121959849260747,0,1,3,5.250980562530458,6.5638264222070575,5
site043,2021,example644,40,67.2188984695822,19.455408374546096,0,4,15,2.740713691804558,5.961493400391191,0
site043,2022,example645,11,64.17850006371737,21.792239362141117,1,3,0,2.603390283882618,9.882735211867839,3
site044,2008,example646,7,92.49571935273707,23.529009758727625,0,8,14,7.328682302962989,8.719824734143913,5
site044,2009,example647,6,85.10009766556323,3.123048395384103,1,6,10,6.739565601106733,7.036563050933182,3
site044,2010,example648,14,85.22289943881333,3.8637027726508677,0,6,4,4.798733606468886,5.524375905515626,0
site044,2011,example649,18,75.63559400849044,28.445471251616254,1,6,6,6.478378292173147,8.425196263706312,1
site044,2012,example650,48,77.2901429515332,27.99561882694252,0,6,15,8.788752136286348,8.012768656481057,2
site044,2013,example651,42,73.94536009058356,27.722094706259668,0,4,11,4.2585494252853096,8.252913231262937,1
site044,2014,example652,38,91.74231034703553,19.848220801679417,0,8,12,1.663915304467082,8.769925695378333,3
site044,2015,example653,50,95.47744448296726,5.534160616109148,1,7,7,14.533583883196115,7.989030295284465,2
site044,2016,example654,22,86.04508346877992,27.394166394136846,0,8,1,3.23672948917374,5.447753150947392,5
site044,2017,example655,34,83.71453057043254,27.73979474627413,1,10,14,9.420101553201675,8.489063369343057,2
site044,2018,example656,5,73.11288375407457,5.9079778040759265,1,2,15,14.13929120125249,5.101687120040879,0
site044,2019,example657,6,63.027574717998505,3.12765215174295,0,5,11,14.883207789156586,9.885549332248047,3
site044,2020,example658,3,83.65548968315125,17.420639001065865,0,2,0,9.280020557809621,9.757982661249116,2
site044,2021,example659,9,67.13347054086626,11.596753610298038,0,1,2,12.128898045513779,9.115843964973465,2
site044,2022,example660,16,89.6540049649775,14.344831948867068,1,10,1,2.2284445790573955,6.246603031177074,1
site045,2008,example661,47,71.75504832528532,14.477370459586382,1,1,10,2.440316178370267,7.88930450216867,5
site045,2009,example662,7,85.56743242777884,23.588306135497987,0,5,0,2.8255520397797227,6.718452014029026,2
site045,2010,example663,2,64.99289589002728,24.886324912542477,1,4,9,4.158083542250097,9.816472185775638,0
site045,2011,example664,43,70.21063135005534,9.18829651339911,0,9,2,5.692881645169109,9.259598630014807,4
site045,2012,example665,45,92.82298749312758,22.169371109921485,0,5,13,9.506234211847186,8.600599517812952,5
site045,2013,example666,36,92.15121571905911,15.383178893243894,0,10,9,3.749384196475148,8.955117446603253,3
site045,2014,example667,13,61.83338522911072,2.9217807319946587,1,0,10,4.943326511885971,8.711308108177036,0
site045,2015,example668,27,95.02126887440681,2.091787086101249,0,7,0,2.1323276767507195,6.627223726827651,0
site045,2016,example669,5,65.12036359868944,7.889967147028074,1,6,14,9.938147422857583,9.46719832951203,1
site045,2017,example670,8,84.3532561417669,7.333487196592614,0,10,14,13.003881786484271,5.277909586438909,5
site045,2018,example671,32,78.78267493098974,13.249201972270384,0,8,1,11.753266133368015,7.819976466707885,2
site045,2019,example672,45,82.29164342395961,16.942797359311953,0,6,3,9.460400284733623,6.592247277731076,2
site045,2020,example673,18,89.21571138314903,21.698390535544604,0,3,13,10.284339369740337,8.829622368793935,2
site045,2021,example674,36,78.79434755071998,7.959829151630402,1,1,6,11.456775451544672,8.113156334729865,5
site045,2022,example675,33,99.54440236091614,26.97477838071063,1,9,1,7.250425996724516,6.959288991056383,0
site046,2008,example676,0,99.38673538155854,14.996089853812009,1,0,9,3.9011857779696584,9.322586271446198,0
site046,2009,example677,27,75.73138724081218,8.622563055017963,0,0,15,4.639121194370091,7.7483666490297765,1
site046,2010,example678,29,84.35388550162315,10.27764404960908,0,5,15,7.072962578386068,9.266534032067284,1
site046,2011,example679,3,73.81934920325875,20.264757252763957,0,1,0,2.381006423383951,7.579054888337851,2
site046,2012,example680,25,77.48450248502195,22.113489480456337,0,9,15,1.4638575525023043,8.246512841433287,2
site046,2013,example681,10,69.16527853347361,17.57164257694967,0,9,12,9.867721025831997,6.305865434696898,0
site046,2014,example682,4,60.24288992397487,26.48215721361339,0,1,0,8.527936464175582,6.443901957245544,2
site046,2015,example683,35,60.95507552847266,12.86689508613199,1,0,7,12.505525419022888,9.895285533275455,4
site046,2016,example684,18,62.350337132811546,6.9564778979402035,0,1,2,10.261108508799225,9.962645566556603,5
site046,2017,example685,34,90.5830258037895,14.653792097698897,0,7,7,7.555501270107925,6.440579023910686,1
site046,2018,example686,32,78.7617602199316,12.002825485309586,0,7,11,13.019307856913656,8.024400087306276,0
site046,2019,example687,38,94.03327520936728,8.17938390863128,1,5,13,11.842448158655316,6.805014410056174,1
site046,2020,example688,4,83.26877562329173,27.825943247880787,0,1,6,6.352709110826254,9.942295318469405,1
site046,2021,example689,22,67.47553049586713,14.519066490931436,1,4,0,14.81861680932343,9.536588829942048,2
site046,2022,example690,40,84.36243914067745,1.404308816883713,0,9,9,3.9906856529414654,7.592788947513327,2
site047,2008,example691,24,95.73366932570934,28.353517405455932,0,10,15,14.62805427517742,7.458867512177676,3
site047,2009,example692,48,91.77284663543105,11.861824007937685,0,7,6,7.312841620761901,6.945507453056052,1
site047,2010,example693,20,80.16371335834265,1.233204529620707,0,1,7,5.344667913392186,9.39311055582948,4
site047,2011,example694,4,76.92113094963133,29.435210598399863,0,6,5,13.029020208399743,9.612397481687367,5
site047,2012,example695,11,86.17525150999427,11.948661620961502,1,4,6,10.907962931320071,6.359034831402823,5
site047,2013,example696,1,95.50954057835042,29.590159088838845,0,3,5,8.797542045358568,9.237105845240876,4
site047,2014,example697,17,95.68065884523094,5.048875330016017,0,8,13,4.377834730781615,7.4743853125255555,3
site047,2015,example698,3,67.13562151417136,17.30432498967275,0,9,8,8.341576540376991,8.132680532289669,0
site047,2016,example699,41,70.30009699054062,24.036445636302233,1,1,14,11.567819309886545,7.00465727946721,4
site047,2017,example700,46,64.53754018992186,6.623139690840617,0,3,12,7.997952330391854,5.388761134818196,4
site047,2018,example701,22,91.88635834492743,21.61025658901781,1,0,9,7.674215667881072,5.831221244297922,0
site047,2019,example702,7,64.38153955154121,17.405532580101863,0,9,13,8.049915585666895,5.1883382990490645,1
site047,2020,example703,0,93.16286779008806,1.2933562609832734,0,2,4,9.53069719299674,6.9041303370613605,2
site047,2021,example704,10,90.84185187704861,8.45157516701147,0,9,3,7.909485513344407,8.567190244793892,3
site047,2022,example705,36,97.7475761808455,14.658463003579527,1,9,10,3.7323272000066936,6.280739419162273,2
site048,2008,example706,10,78.67830374278128,27.87901966809295,1,0,11,8.16967527475208,7.026138299843296,0
site048,2009,example707,14,97.5942259002477,29.863467385759577,1,4,11,13.40359795326367,9.022005684673786,4
site048,2010,example708,14,91.40731769613922,7.089486711891368,1,3,5,2.0640737605281174,8.97464424953796,4
site048,2011,example709,41,94.98431500047445,16.810420338297263,0,5,11,7.53039335180074,6.927659695502371,2
site048,2012,example710,14,75.77850613743067,19.716393299400806,1,3,4,13.122556185349822,8.73230117955245,3
site048,2013,example711,14,63.98796643130481,27.132131438469514,1,8,6,5.589585445821285,7.335063790669665,3
site048,2014,example712,43,71.07845681719482,22.237330673029646,1,3,15,9.331721305381507,6.127233689185232,5
site048,2015,example713,40,88.88888204470277,18.681610357249156,0,6,14,7.572473235893995,6.019396161427721,3
site048,2016,example714,24,74.25220717675984,7.50679187476635,0,4,12,11.635417698416859,5.262848965357989,2
site048,2017,example715,35,75.30847533605993,27.5689593879506,1,4,9,8.426284887827933,7.925969554344192,3
site048,2018,example716,2,61.27874603495002,24.280069719068706,0,7,2,14.561789938714355,9.837457808898762,1
site048,2019,example717,6,80.85781147703528,10.059849764686078,0,2,8,14.288387766573578,5.267439482267946,5
site048,2020,example718,3,64.84311641193926,7.590284692123532,1,1,11,9.049927440006286,8.590120848966762,3
site048,2021,example719,39,95.40736705996096,20.070260914741084,1,6,0,2.8668102202937007,5.007947644917294,2
site048,2022,example720,36,62.985851960256696,22.33620353299193,0,3,1,4.545925457496196,9.948446751805022,2
site049,2008,example721,23,91.36911787092686,14.487733382964507,0,10,9,14.902470354922116,9.849766017869115,4
site049,2009,example722,37,94.16529210284352,26.04455454973504,1,1,0,6.708841511514038,8.498137639835477,5
site049,2010,example723,3,61.487126825377345,20.575016915332526,1,2,9,4.075362652540207,8.877767258090898,0
site049,2011,example724,2,71.00574037991464,5.68256877688691,1,2,3,5.8754406101070344,7.23802957101725,4
site049,2012,example725,10,85.68279796279967,1.3506188951432705,1,4,1,8.970480964984745,8.685986453201622,5
site049,2013,example726,9,91.40313438139856,26.115972795989364,0,4,5,1.42475803848356,8.388425436569378,4
site049,2014,example727,28,76.00250847637653,3.920670846942812,1,3,8,1.2770359250716865,5.063296253792942,1
site049,2015,example728,22,97.41209318861365,10.054735091282055,0,1,10,5.696373597718775,7.6818122155964375,0
site049,2016,example729,4,75.62067883089185,13.60035653761588,0,1,10,4.589706062804908,8.754189939936623,3
site049,2017,example730,23,76.95837228558958,18.856925861444324,0,5,3,1.3180229207500815,5.1017256116028875,1
site049,2018,example731,31,71.45686804316938,10.837497647386044,0,2,6,11.749851606786251,8.492017397657037,1
site049,2019,example732,24,84.46993634104729,17.819364981725812,0,5,13,11.933158623985946,9.258750565350056,4
site049,2020,example733,10,82.35250954516232,25.060569278895855,0,6,5,10.706233977340162,7.345256136031821,1
site049,2021,example734,9,61.59868540242314,10.703926222398877,0,9,7,1.7150615891441703,6.3002381508704275,5
site049,2022,example735,14,89.8112778738141,12.078550888923928,1,1,5,10.23029627557844,8.976626034127548,1
site050,2008,example736,50,68.25949682854116,18.56500810594298,0,9,8,11.677393355872482,7.125805501127616,1
site050,2009,example737,30,86.25983860343695,15.37634087074548,0,1,2,5.484674615319818,9.343821627553552,4
site050,2010,example738,9,80.89658685028553,4.168768627336249,0,6,5,6.655742148403078,8.14424128853716,3
site050,2011,example739,44,85.33746339380741,25.531920698238537,0,1,8,1.4567183391191065,7.256923615932465,4
site050,2012,example740,23,84.70252535305917,13.92983951815404,0,0,7,7.891172581817955,7.600120718125254,1
site050,2013,example741,34,71.395821897313,22.760901240399107,0,7,2,2.9834486646577716,9.870663945330307,0
site050,2014,example742,49,68.95228889770806,24.07061996916309,1,5,9,12.1882180031389,8.417600070824847,4
site050,2015,example743,9,81.56077421270311,12.330266857054085,1,1,1,6.727573787793517,9.192562373355031,5
site050,2016,example744,7,99.85487909056246,1.4305887764785439,0,8,3,14.110086323693395,6.973943976918235,3
site050,2017,example745,43,73.15666147507727,22.55902997404337,1,3,12,11.26073671784252,9.447982806013897,3
site050,2018,example746,41,72.93344353325665,2.983170181978494,1,5,11,7.08947772346437,5.127704575425014,4
site050,2019,example747,31,61.412940714508295,16.428598292637616,1,5,14,12.183604578487575,6.881680866936222,5
site050,2020,example748,38,81.0244741011411,4.556282001780346,0,8,1,6.128218010999262,8.421501611592248,3
site050,2021,example749,6,83.87227660045028,20.597329975571483,1,6,6,6.333826187532395,7.239195307483897,0
site050,2022,example750,37,89.68346636742353,2.624581965385005,0,8,12,10.429667073767632,6.067899048794061,1
